name,area_name,city_name,state_name,country_name,_geoloc,popularity,length,elevation_gain,difficulty_rating,route_type,visitor_usage,avg_rating,num_reviews,features,activities
The Beehive Loop Trail,Acadia National Park,Bar Harbor,Maine,United States,"{'lat': 44.33153, 'lng': -68.1852}",43.9161,2253.076,148.7424,5,loop,3,5,1123,"['beach', 'dogs-no', 'forest', 'lake', 'views', 'wild-flowers', 'wildlife']","['birding', 'hiking', 'nature-trips', 'rock-climbing']"
Cadillac North Ridge Trail,Acadia National Park,Bar Harbor,Maine,United States,"{'lat': 44.37854, 'lng': -68.22954}",34.8209,6437.36,340.7664,3,out and back,4,4.5,679,"['dogs-leash', 'forest', 'kids', 'partially-paved', 'views', 'wild-flowers', 'wildlife']","['birding', 'hiking', 'nature-trips', 'trail-running', 'walking']"
Jordan Pond Full Loop Trail,Acadia National Park,Mount Desert,Maine,United States,"{'lat': 44.322, 'lng': -68.25437}",31.0667,5471.756,28.956,3,loop,3,4.5,578,"['dogs-leash', 'forest', 'lake', 'kids', 'partially-paved', 'views', 'wild-flowers', 'wildlife']","['birding', 'hiking', 'nature-trips', 'trail-running']"
Ocean Path and Gorham Mountain Loop Trail,Acadia National Park,Bar Harbor,Maine,United States,"{'lat': 44.32998, 'lng': -68.18404}",30.4711,4988.954,181.9656,3,loop,3,4.5,343,"['beach', 'dogs-leash', 'forest', 'kids', 'partially-paved', 'views', 'wild-flowers', 'wildlife']","['birding', 'hiking', 'nature-trips', 'walking']"
Cadillac Mountain South Ridge Trail Loop,Acadia National Park,Bar Harbor,Maine,United States,"{'lat': 44.31306, 'lng': -68.21502}",28.714,12070.05,684.8856,5,loop,3,4.5,426,"['dogs-leash', 'forest', 'views', 'waterfall', 'wild-flowers', 'wildlife']","['hiking', 'nature-trips', 'rock-climbing']"
Delicate Arch Trail,Arches National Park,Moab,Utah,United States,"{'lat': 38.73568, 'lng': -109.5205}",63.6748,4988.954,186.8424,3,out and back,3,5,2332,"['dogs-no', 'kids', 'partially-paved', 'views', 'wild-flowers', 'wildlife']","['birding', 'hiking', 'nature-trips', 'rock-climbing', 'walking']"
Devils Garden Loop Trail with 7 Arches,Arches National Park,Thompson,Utah,United States,"{'lat': 38.78271, 'lng': -109.59429}",44.0494,12070.05,325.8312,5,loop,3,5,1067,"['cave', 'dogs-no', 'partially-paved', 'views', 'wild-flowers', 'wildlife']","['birding', 'hiking', 'nature-trips', 'snowshoeing', 'trail-running']"
Double Arch Trail,Arches National Park,Moab,Utah,United States,"{'lat': 38.68831, 'lng': -109.53835}",36.8536,804.67,9.7536,1,out and back,4,4.5,546,"['dogs-no', 'kids', 'views', 'wild-flowers']","['hiking', 'nature-trips', 'walking']"
Fiery Furnace and Surprise Arch,Arches National Park,Moab,Utah,United States,"{'lat': 38.74325, 'lng': -109.56582}",29.9949,2735.878,132.8928,3,loop,3,5,445,"['dogs-no', 'views', 'wild-flowers', 'wildlife']","['hiking', 'nature-trips']"
Landscape Arch Trail,Arches National Park,Moab,Utah,United States,"{'lat': 38.78304, 'lng': -109.5952}",29.3311,3057.746,78.9432,1,out and back,3,4.5,398,"['dogs-no', 'kids', 'partially-paved', 'views', 'wild-flowers']","['birding', 'hiking', 'nature-trips', 'walking']"
Notch Trail,Badlands National Park,Interior,South Dakota,United States,"{'lat': 43.76031, 'lng': -101.92808}",24.4547,2092.142,39.9288,3,out and back,2,4.5,419,"['cave', 'dogs-no', 'kids', 'views', 'waterfall', 'wild-flowers', 'wildlife']","['birding', 'hiking', 'nature-trips']"
Castle Trail,Badlands National Park,Interior,South Dakota,United States,"{'lat': 43.7613, 'lng': -101.92792}",18.9391,16898.07,95.7072,3,loop,2,4.5,232,"['dogs-no', 'views', 'wild-flowers', 'wildlife']","['birding', 'hiking', 'nature-trips', 'trail-running', 'walking']"
The Door Trail,Badlands National Park,Interior,South Dakota,United States,"{'lat': 43.7636, 'lng': -101.92684}",18.3365,1287.472,10.9728,3,out and back,3,4.5,212,"['dogs-no', 'kids', 'wild-flowers', 'wildlife']","['hiking', 'nature-trips', 'walking']"
Saddle Pass Trail,Badlands National Park,Interior,South Dakota,United States,"{'lat': 43.758, 'lng': -101.97446}",14.4833,1126.538,65.8368,3,out and back,2,4.5,135,['dogs-no'],"['hiking', 'walking']"
Medicine Root Loop Trail,Badlands National Park,Interior,South Dakota,United States,"{'lat': 43.75805, 'lng': -101.97438}",13.3928,7242.03,102.7176,1,loop,1,4,125,"['dogs-no', 'kids', 'views', 'wildlife']",['hiking']
The Window Trail,Badlands National Park,Interior,South Dakota,United States,"{'lat': 43.76022, 'lng': -101.92789}",11.4767,321.868,1.8288,1,out and back,3,4,127,"['ada', 'dogs-no', 'kids', 'paved', 'strollers', 'views', 'wild-flowers', 'wildlife']","['birding', 'hiking', 'nature-trips', 'walking']"
Lost Mine Trail,Big Bend National Park,Big Bend National Park,Texas,United States,"{'lat': 29.2744, 'lng': -103.28635}",28.6477,6759.228,334.9752,3,out and back,3,5,395,"['dogs-no', 'forest', 'views', 'wild-flowers', 'wildlife']","['birding', 'hiking', 'nature-trips', 'walking']"
The Window Trail,Big Bend National Park,Terlingua,Texas,United States,"{'lat': 29.27021, 'lng': -103.30106}",22.8387,8368.568,288.9504,3,out and back,2,4.5,314,"['dogs-no', 'forest', 'kids', 'views', 'waterfall', 'wild-flowers', 'wildlife']","['birding', 'hiking', 'nature-trips', 'walking']"
Santa Elena Canyon Trail,Big Bend National Park,Terlingua,Texas,United States,"{'lat': 29.16735, 'lng': -103.6105}",21.6142,2414.01,185.928,1,out and back,3,4.5,289,"['rails-trails', 'beach', 'dogs-no', 'kids', 'river', 'views', 'wild-flowers', 'wildlife']","['birding', 'hiking', 'nature-trips', 'trail-running', 'walking', 'rails-trails']"
South Rim Trail - Boot Springs Trail,Big Bend National Park,Big Bend National Park,Texas,United States,"{'lat': 29.26998, 'lng': -103.30112}",23.8607,17702.74,709.8792,5,loop,2,5,247,"['dogs-no', 'views', 'wild-flowers', 'wildlife']","['backpacking', 'birding', 'camping', 'hiking', 'nature-trips']"
Emory Peak Trail,Big Bend National Park,Terlingua,Texas,United States,"{'lat': 29.27022, 'lng': -103.301}",21.7947,13679.39,731.8248,5,out and back,2,5,241,"['dogs-no', 'forest', 'views', 'wild-flowers', 'wildlife']","['birding', 'hiking', 'nature-trips', 'rock-climbing', 'trail-running']"
Biscayne National Park Walk,Biscayne National Park,Miami,Florida,United States,"{'lat': 25.53849, 'lng': -80.33091}",5.8949,15932.466,0.9144,1,out and back,1,4,16,"['beach', 'dogs-no', 'kids', 'paved', 'views', 'wildlife']","['birding', 'fishing', 'nature-trips', 'paddle-sports', 'road-biking', 'trail-running', 'walking', 'sea-kayaking', 'canoeing']"
Black Creek Canal Trail,Biscayne National Park,Homestead,Florida,United States,"{'lat': 25.54017, 'lng': -80.32772}",4.3565,2735.878,0.9144,1,out and back,2,4,16,"['beach', 'dogs-no', 'forest', 'kids', 'views', 'wildlife']","['hiking', 'nature-trips', 'walking']"
Jetty Trail,Biscayne National Park,Homestead,Florida,United States,"{'lat': 25.46415, 'lng': -80.3356}",3.9733,1448.406,0,1,out and back,2,4,14,"['kids', 'views', 'wild-flowers', 'wildlife']","['birding', 'hiking', 'nature-trips', 'walking']"
Boca Chita Trail,Biscayne National Park,Homestead,Florida,United States,"{'lat': 25.52443, 'lng': -80.17485}",1.9961,1287.472,0.9144,1,loop,1,3,3,"['beach', 'dogs-no', 'forest', 'historic-site', 'kids', 'views', 'wildlife']","['hiking', 'walking']"
Warner Point Nature Trail,Black Canyon of The Gunnison National Park,Montrose,Colorado,United States,"{'lat': 38.56251, 'lng': -107.74201}",16.2627,2414.01,123.7488,1,out and back,1,4.5,173,"['dogs-no', 'forest', 'kids', 'river', 'views', 'wildlife']","['birding', 'hiking', 'nature-trips', 'walking']"
Oak Flat Loop Trail,Black Canyon of The Gunnison National Park,Montrose,Colorado,United States,"{'lat': 38.55468, 'lng': -107.68673}",13.9597,2092.142,94.7928,3,loop,1,4,118,"['forest', 'kids', 'views', 'wild-flowers', 'wildlife']","['birding', 'hiking', 'nature-trips', 'trail-running', 'walking']"
Gunnison Route Trail,Black Canyon of The Gunnison National Park,Montrose,Colorado,United States,"{'lat': 38.55487, 'lng': -107.68646}",13.9396,2896.812,542.8488,7,out and back,2,4.5,79,"['dogs-no', 'forest', 'river', 'views', 'wild-flowers', 'wildlife']","['birding', 'fishing', 'hiking', 'nature-trips', 'fly-fishing']"
Green Mountain Summit Via North Vista Trail,Black Canyon of The Gunnison National Park,Crawford,Colorado,United States,"{'lat': 38.58674, 'lng': -107.70492}",11.3221,10460.71,373.9896,3,out and back,1,4.5,63,"['dogs-no', 'forest', 'river', 'views', 'wild-flowers', 'wildlife']","['birding', 'hiking', 'nature-trips', 'trail-running', 'walking']"
Painted Wall View Trail,Black Canyon of The Gunnison National Park,Montrose,Colorado,United States,"{'lat': 38.5805, 'lng': -107.7161}",13.5973,321.868,1.8288,1,out and back,2,4.5,59,"['dogs-no', 'kids', 'views', 'wild-flowers', 'wildlife']","['birding', 'hiking', 'nature-trips', 'trail-running', 'walking']"
Navajo Loop and Queen's Garden Trail,Bryce Canyon National Park,Bryce,Utah,United States,"{'lat': 37.62328, 'lng': -112.16706}",52.0201,4184.284,189.8904,3,loop,4,5,1097,"['dogs-no', 'forest', 'kids', 'views', 'wildlife']","['birding', 'hiking', 'nature-trips', 'walking']"
Fairyland Loop Trail,Bryce Canyon National Park,Bryce,Utah,United States,"{'lat': 37.64927, 'lng': -112.14717}",38.4225,11909.116,469.6968,3,loop,3,5,830,"['dogs-no', 'forest', 'partially-paved', 'views', 'wildlife']","['birding', 'hiking', 'nature-trips', 'walking']"
Peekaboo Loop Trail,Bryce Canyon National Park,Bryce,Utah,United States,"{'lat': 37.60483, 'lng': -112.1575}",35.875,8368.568,442.8744,3,loop,3,5,617,"['dogs-no', 'forest', 'river', 'views', 'wildlife']","['birding', 'hiking', 'nature-trips', 'horseback-riding']"
Mossy Cave Turret Arch and Little Windows Trail,Bryce Canyon National Park,Tropic,Utah,United States,"{'lat': 37.6658, 'lng': -112.11033}",25.5268,1609.34,35.9664,1,out and back,3,4,532,"['cave', 'dogs-no', 'forest', 'kids', 'river', 'views', 'waterfall', 'wildlife']","['birding', 'hiking', 'nature-trips', 'walking']"
Navajo Loop Trail,Bryce Canyon National Park,Bryce,Utah,United States,"{'lat': 37.62339, 'lng': -112.16718}",32.0861,2253.076,139.9032,3,loop,3,4.5,451,"['dogs-no', 'forest', 'kids', 'views']","['hiking', 'nature-trips', 'walking']"
Mesa Arch Trail,Canyonlands National Park,Moab,Utah,United States,"{'lat': 38.38925, 'lng': -109.86797}",36.2363,965.604,18.8976,1,loop,3,4.5,725,"['dogs-no', 'kids', 'views', 'wild-flowers', 'wildlife']","['birding', 'hiking', 'nature-trips', 'walking']"
Grand View Point Trail,Canyonlands National Park,Moab,Utah,United States,"{'lat': 38.31073, 'lng': -109.85654}",29.8149,2896.812,52.7304,1,out and back,3,4.5,465,"['dogs-no', 'kids', 'views', 'wildlife']","['birding', 'hiking', 'nature-trips', 'walking']"
Upheaval Dome via Crater View Trail,Canyonlands National Park,Moab,Utah,United States,"{'lat': 38.42634, 'lng': -109.92605}",19.1696,2414.01,91.7448,3,out and back,2,4,211,"['dogs-no', 'views', 'wildlife']","['hiking', 'nature-trips']"
Aztec Butte Trail,Canyonlands National Park,Moab,Utah,United States,"{'lat': 38.3935, 'lng': -109.88194}",19.0942,2092.142,66.7512,3,out and back,3,4.5,196,"['dogs-no', 'views']","['birding', 'hiking', 'nature-trips', 'walking']"
Chesler Park Loop Trail,Canyonlands National Park,Monticello,Utah,United States,"{'lat': 38.14161, 'lng': -109.82733}",23.0467,18668.344,589.788,3,loop,2,5,193,"['dogs-no', 'views']","['backpacking', 'birding', 'camping', 'hiking', 'nature-trips', 'trail-running', 'walking']"
Hickman Bridge Trail,Capitol Reef National Park,Torrey,Utah,United States,"{'lat': 38.28875, 'lng': -111.2276}",30.0493,2735.878,129.8448,3,out and back,3,4.5,597,"['dogs-no', 'kids', 'views', 'wild-flowers', 'wildlife']","['birding', 'hiking', 'nature-trips', 'trail-running', 'walking']"
Cassidy Arch Trail,Capitol Reef National Park,Torrey,Utah,United States,"{'lat': 38.26375, 'lng': -111.21564}",24.6497,4667.086,213.9696,3,out and back,3,4.5,290,"['dogs-no', 'views', 'wildlife']","['birding', 'hiking', 'nature-trips', 'rock-climbing', 'walking']"
Grand Wash Trail via Northeast Trailhead,Capitol Reef National Park,Torrey,Utah,United States,"{'lat': 38.27825, 'lng': -111.1925}",19.0682,7081.096,121.92,1,out and back,3,4.5,156,"['dogs-no', 'kids', 'views']","['hiking', 'walking']"
Chimney Rock Loop Trail,Capitol Reef National Park,Torrey,Utah,United States,"{'lat': 38.315690000000004, 'lng': -111.3039}",16.1326,5310.822,241.7064,3,loop,2,4.5,142,"['dogs-no', 'kids', 'views', 'wild-flowers']","['birding', 'hiking', 'nature-trips', 'walking']"
Navajo Knobs Trail,Capitol Reef National Park,Torrey,Utah,United States,"{'lat': 38.28876, 'lng': -111.22763}",14.278,14001.258,650.748,5,out and back,2,4.5,109,"['dogs-no', 'views', 'wild-flowers', 'wildlife']","['birding', 'hiking', 'nature-trips']"
Carlsbad Caverns National Park Trail,Carlsbad Caverns National Park,Carlsbad,New Mexico,United States,"{'lat': 32.17565, 'lng': -104.44342}",15.1743,1287.472,13.716,1,loop,4,5,144,"['ada', 'cave', 'dogs-no', 'kids', 'paved', 'strollers', 'views']","['hiking', 'nature-trips', 'walking']"
Carlsbad Caverns Highway to Carlsbad Caverns National Park,Carlsbad Caverns National Park,Carlsbad,New Mexico,United States,"{'lat': 32.17496, 'lng': -104.37547}",4.739,23657.298,309.9816,1,out and back,2,4,19,"['cave', 'dogs-no', 'kids', 'views']",['scenic-driving']
Walnut Canyon Trail,Carlsbad Caverns National Park,Whites City,New Mexico,United States,"{'lat': 32.18217, 'lng': -104.43395}",2.9628,482.802,7.9248,1,out and back,2,2.5,9,"['dogs-no', 'kids', 'views']","['birding', 'hiking', 'nature-trips', 'walking']"
North Slaughter Canyon Trail,Carlsbad Caverns National Park,Carlsbad,New Mexico,United States,"{'lat': 32.11118, 'lng': -104.56299}",5.587,17863.674,469.6968,3,out and back,2,4,7,"['dogs-no', 'views', 'wild-flowers', 'wildlife']","['hiking', 'nature-trips', 'walking', 'whitewater-kayaking']"
Juniper Ridge Trail,Carlsbad Caverns National Park,Carlsbad,New Mexico,United States,"{'lat': 32.18625, 'lng': -104.44526}",3.9303,3057.746,140.8176,1,out and back,1,3.5,6,"['dogs-no', 'kids', 'views']","['birding', 'hiking', 'nature-trips', 'walking']"
Potato Harbor Trail,Channel Islands National Park,Ventura,California,United States,"{'lat': 34.04983, 'lng': -119.55657}",14.0568,7885.766,183.7944,1,loop,1,4.5,103,"['beach', 'dogs-no', 'kids', 'views', 'wild-flowers', 'wildlife']","['birding', 'camping', 'hiking', 'nature-trips', 'trail-running', 'walking']"
Smugglers Cove Trail,Channel Islands National Park,Ventura,California,United States,"{'lat': 34.04989, 'lng': -119.55633}",13.2334,12391.918,426.72,3,out and back,1,4.5,84,"['beach', 'dogs-no', 'views', 'wild-flowers']","['birding', 'hiking', 'nature-trips', 'walking']"
Scorpion Bay to Cavern Point Loop,Channel Islands National Park,Ventura,California,United States,"{'lat': 34.04903, 'lng': -119.5575}",11.5004,2574.944,84.7344,1,loop,2,4.5,74,"['beach', 'cave', 'dogs-no', 'historic-site', 'kids', 'river', 'views', 'wild-flowers', 'wildlife']","['birding', 'camping', 'hiking', 'nature-trips', 'paddle-sports', 'trail-running', 'walking', 'sea-kayaking']"
Scorpion Canyon Loop Trail,Channel Islands National Park,Ventura,California,United States,"{'lat': 34.04985, 'lng': -119.55645}",7.5226,7242.03,238.9632,3,loop,,4,33,"['beach', 'dogs-no', 'views', 'wild-flowers', 'wildlife']","['birding', 'hiking', 'nature-trips', 'trail-running']"
El Montanon Trail,Channel Islands National Park,Ventura,California,United States,"{'lat': 34.04834, 'lng': -119.55981}",9.4397,13679.39,569.976,5,loop,2,4.5,32,"['dogs-no', 'views', 'wild-flowers', 'wildlife']","['birding', 'hiking', 'nature-trips']"
Boardwalk Loop Trail,Congaree National Park,Hopkins,South Carolina,United States,"{'lat': 33.82994, 'lng': -80.8225}",13.1392,3862.416,3.9624,1,loop,3,4,152,"['dogs-leash', 'forest', 'lake', 'kids', 'river', 'views', 'wildlife']","['birding', 'nature-trips', 'walking', 'canoeing']"
Weston Lake Loop Trail,Congaree National Park,Hopkins,South Carolina,United States,"{'lat': 33.82961, 'lng': -80.82374}",9.6749,7402.964,4.8768,1,loop,2,4,75,"['dogs-leash', 'forest', 'lake', 'kids', 'views', 'wild-flowers', 'wildlife']","['birding', 'hiking', 'nature-trips', 'walking']"
Oakridge Trail,Congaree National Park,Hopkins,South Carolina,United States,"{'lat': 33.83019, 'lng': -80.82293}",7.9083,10138.842,5.7912,1,loop,2,4,32,"['dogs-leash', 'forest', 'kids', 'river', 'views', 'wildlife']","['birding', 'hiking', 'trail-running']"
Congaree River Trail,Congaree National Park,St. Matthews,South Carolina,United States,"{'lat': 33.83015, 'lng': -80.82322}",6.6411,15932.466,15.8496,1,loop,2,4,32,"['dogs-leash', 'forest', 'river', 'wild-flowers', 'wildlife']","['backpacking', 'camping', 'hiking', 'nature-trips', 'trail-running', 'canoeing']"
Kingsnake Trail,Congaree National Park,Hopkins,South Carolina,United States,"{'lat': 33.82033, 'lng': -80.78757}",5.9352,11909.116,6.7056,1,out and back,2,3.5,22,"['dogs-leash', 'forest', 'kids', 'river', 'views']","['birding', 'hiking', 'nature-trips', 'walking']"
Cleetwood Cove Trail,Crater Lake National Park,Crater Lake,Oregon,United States,"{'lat': 42.97972, 'lng': -122.08335}",27.0323,3379.614,189.8904,3,out and back,2,4.5,421,"['beach', 'dogs-no', 'forest', 'lake', 'kids', 'paved', 'views', 'wildlife']","['birding', 'fishing', 'hiking', 'nature-trips', 'trail-running', 'walking']"
Garfield Peak Trail,Crater Lake National Park,Crater Lake,Oregon,United States,"{'lat': 42.91, 'lng': -122.14199}",30.6183,5471.756,325.8312,3,out and back,4,4.5,416,"['dogs-no', 'forest', 'lake', 'kids', 'partially-paved', 'views', 'wild-flowers', 'wildlife']","['birding', 'hiking', 'nature-trips', 'snowshoeing', 'walking']"
Mount Scott Trail,Crater Lake National Park,Chiloquin,Oregon,United States,"{'lat': 42.92905, 'lng': -122.03015}",23.6165,6759.228,383.7432,3,out and back,2,4.5,293,"['dogs-no', 'forest', 'kids', 'views', 'wild-flowers', 'wildlife']","['birding', 'hiking', 'nature-trips', 'trail-running', 'walking']"
The Watchman Peak Trail,Crater Lake National Park,Crater Lake,Oregon,United States,"{'lat': 42.94581, 'lng': -122.16896}",24.347,2574.944,117.9576,3,out and back,2,4.5,244,"['dogs-no', 'forest', 'lake', 'kids', 'views', 'wild-flowers', 'wildlife']","['birding', 'hiking', 'nature-trips']"
Plaikni Falls Trail,Crater Lake National Park,Chiloquin,Oregon,United States,"{'lat': 42.901650000000004, 'lng': -122.06111}",17.582,3218.68,40.8432,1,out and back,2,4,142,"['ada', 'dogs-no', 'forest', 'kids', 'river', 'strollers', 'views', 'waterfall', 'wild-flowers', 'wildlife']","['birding', 'hiking', 'nature-trips', 'walking']"
Ledges Trail,Cuyahoga Valley National Park,Hudson,Ohio,United States,"{'lat': 41.22386, 'lng': -81.51015}",29.5094,4184.284,46.9392,3,loop,3,4.5,709,"['cave', 'dogs-leash', 'forest', 'historic-site', 'kids', 'views', 'wild-flowers', 'wildlife']","['hiking', 'nature-trips', 'trail-running']"
Brandywine Gorge Trail,Cuyahoga Valley National Park,Northfield,Ohio,United States,"{'lat': 41.27688, 'lng': -81.54021}",26.9381,2735.878,65.8368,3,loop,3,4.5,542,"['dogs-leash', 'forest', 'historic-site', 'kids', 'partially-paved', 'river', 'views', 'waterfall', 'wild-flowers', 'wildlife']","['birding', 'fishing', 'hiking', 'trail-running']"
Blue Hen Falls Trail,Cuyahoga Valley National Park,Brecksville,Ohio,United States,"{'lat': 41.25634, 'lng': -81.57266}",21.3001,804.67,23.7744,3,out and back,2,4,328,"['dogs-leash', 'kids', 'views', 'waterfall']","['hiking', 'trail-running']"
Plateau Trail,Cuyahoga Valley National Park,Peninsula,Ohio,United States,"{'lat': 41.21948, 'lng': -81.57649}",17.5775,7081.096,96.9264,3,loop,2,4.5,301,"['dogs-leash', 'forest', 'kids', 'views', 'waterfall', 'wild-flowers']","['birding', 'hiking', 'nature-trips', 'trail-running', 'walking']"
Stanford House to Brandywine Falls Trail,Cuyahoga Valley National Park,Northfield,Ohio,United States,"{'lat': 41.27104, 'lng': -81.5567}",21.6423,6115.492,162.7632,3,loop,3,4.5,300,"['dogs-leash', 'forest', 'kids', 'partially-paved', 'river', 'views', 'waterfall', 'wild-flowers', 'wildlife']","['hiking', 'nature-trips', 'trail-running', 'walking']"
Badwater Basin Salt Flats Trail,Death Valley National Park,Death Valley,California,United States,"{'lat': 36.23035, 'lng': -116.7668}",23.0844,2896.812,2.7432,1,out and back,3,4.5,259,"['dogs-no', 'kids', 'views', 'wildlife']","['birding', 'hiking', 'nature-trips', 'walking']"
Mesquite Flat Sand Dunes Trail,Death Valley National Park,Death Valley,California,United States,"{'lat': 36.60611, 'lng': -117.1151}",20.2433,4506.152,62.7888,1,out and back,1,4.5,176,"['dogs-no', 'kids', 'views', 'wild-flowers', 'wildlife']","['birding', 'hiking', 'nature-trips', 'walking']"
Zabriskie Point,Death Valley National Park,Death Valley,California,United States,"{'lat': 36.42095, 'lng': -116.80986}",18.3978,643.736,15.8496,1,out and back,2,4.5,147,"['dogs-no', 'kids', 'views', 'wildlife']","['birding', 'hiking', 'nature-trips', 'walking']"
Golden Canyon Trail to Red Cathedral,Death Valley National Park,Death Valley,California,United States,"{'lat': 36.42062, 'lng': -116.84703}",16.6571,4667.086,174.9552,3,out and back,3,4.5,140,"['cave', 'dogs-no', 'kids', 'views', 'wild-flowers', 'wildlife']","['hiking', 'nature-trips']"
Mosaic Canyon Trail,Death Valley National Park,Death Valley,California,United States,"{'lat': 36.57185, 'lng': -117.14421}",14.6726,5632.69,324.9168,1,out and back,2,4,130,"['dogs-no', 'kids', 'wildlife']","['hiking', 'nature-trips', 'walking']"
Mount Healy Overlook Trail,Denali National Park & Preserve,Denali National Park,Alaska,United States,"{'lat': 63.73049, 'lng': -148.91968}",18.0311,6920.162,507.7968,3,out and back,1,4.5,260,"['dogs-no', 'forest', 'views', 'wild-flowers', 'wildlife']","['birding', 'camping', 'hiking', 'nature-trips', 'walking']"
Horseshoe Lake Trail,Denali National Park & Preserve,Denali National Park,Alaska,United States,"{'lat': 63.73661, 'lng': -148.915}",16.2674,3379.614,119.7864,1,loop,2,4.5,237,"['dogs-no', 'forest', 'lake', 'kids', 'views', 'wild-flowers', 'wildlife']","['birding', 'hiking', 'nature-trips', 'trail-running', 'walking']"
Triple Lakes Trail,Denali National Park & Preserve,Denali National Park,Alaska,United States,"{'lat': 63.73319, 'lng': -148.89682}",12.5935,29772.79,1124.712,5,out and back,1,4.5,110,"['dogs-no', 'lake', 'views', 'wild-flowers', 'wildlife']","['birding', 'fishing', 'hiking', 'nature-trips', 'trail-running']"
Bison Gulch,Denali National Park & Preserve,Denali National Park,Alaska,United States,"{'lat': 63.80507, 'lng': -148.95336}",8.8331,11265.38,1178.9664,5,out and back,1,4.5,43,"['dogs-no', 'forest', 'views', 'wildlife']","['hiking', 'nature-trips']"
Rock Creek Trail,Denali National Park & Preserve,Denali National Park,Alaska,United States,"{'lat': 63.73056, 'lng': -148.91955}",7.6876,7081.096,287.7312,3,out and back,1,4,39,"['dogs-no', 'forest', 'views', 'wild-flowers', 'wildlife']","['birding', 'hiking', 'nature-trips', 'trail-running', 'walking']"
Fort Jefferson Loop,Dry Tortugas National Park,Key West,Florida,United States,"{'lat': 24.62723, 'lng': -82.87242}",5.1776,804.67,0.9144,1,loop,3,4.5,10,"['beach', 'kids', 'views', 'wildlife']","['birding', 'camping', 'hiking', 'nature-trips', 'paddle-sports', 'walking', 'canoeing']"
Shark Valley Trail,Everglades National Park,Miami,Florida,United States,"{'lat': 25.7567, 'lng': -80.76584}",13.6862,25427.572,6.7056,1,loop,3,4.5,150,"['ada', 'dogs-no', 'kids', 'paved', 'strollers', 'views', 'wild-flowers', 'wildlife']","['birding', 'road-biking', 'trail-running', 'walking']"
Anhinga Trail,Everglades National Park,Homestead,Florida,United States,"{'lat': 25.38252, 'lng': -80.60978}",11.4918,2414.01,0,1,loop,3,4.5,97,"['dogs-no', 'kids', 'partially-paved', 'views', 'wild-flowers', 'wildlife']","['birding', 'hiking', 'nature-trips', 'walking']"
Gumbo Limbo Trail,Everglades National Park,Homestead,Florida,United States,"{'lat': 25.38245, 'lng': -80.61006}",6.4188,643.736,0,1,loop,1,3.5,42,"['ada', 'dogs-no', 'lake', 'kids', 'paved', 'strollers', 'views', 'wildlife']","['birding', 'hiking', 'nature-trips', 'walking']"
Pa-Hay-Okee Overlook Trail,Everglades National Park,Homestead,Florida,United States,"{'lat': 25.44076, 'lng': -80.78342}",6.576,321.868,0,1,loop,3,4,32,"['dogs-no', 'kids', 'views', 'wildlife']","['birding', 'hiking', 'walking']"
Everglades Coastal Prairie Trail,Everglades National Park,Homestead,Florida,United States,"{'lat': 25.13673, 'lng': -80.94849}",5.7149,27358.78,4.8768,1,out and back,3,4,28,"['dogs-no', 'forest', 'lake', 'kids', 'strollers', 'views', 'wild-flowers', 'wildlife']","['birding', 'hiking', 'nature-trips', 'walking']"
St. Louis Riverfront Trail,Gateway Arch National Park,St. Louis,Missouri,United States,"{'lat': 38.63514, 'lng': -90.18118}",6.1208,34439.876,109.728,1,loop,2,4,25,"['ada', 'city-walk', 'dogs-leash', 'paved', 'river', 'strollers']","['mountain-biking', 'road-biking', 'trail-running', 'walking']"
Jefferson National Expansion Memorial,Gateway Arch National Park,St. Louis,Missouri,United States,"{'lat': 38.62327, 'lng': -90.18743}",4.4919,2574.944,20.7264,1,loop,1,4,17,"['ada', 'city-walk', 'dogs-leash', 'kids', 'river', 'strollers']",['walking']
Bartlett Cove Forest Loop Trail,Glacier Bay National Park & Preserve,Gustavus,Alaska,United States,"{'lat': 58.45462, 'lng': -135.88312}",3.8939,1770.274,33.8328,1,loop,2,4.5,14,"['dogs-no', 'kids', 'views', 'wild-flowers', 'wildlife']","['birding', 'hiking', 'nature-trips', 'walking', 'sea-kayaking']"
Bartlett River Trail,Glacier Bay National Park & Preserve,Gustavus,Alaska,United States,"{'lat': 58.4543, 'lng': -135.86902}",2.33,11104.446,266.7,1,out and back,1,3,7,"['dogs-no', 'forest', 'lake', 'river', 'views', 'wildlife']","['hiking', 'nature-trips', 'trail-running', 'walking']"
Bartlet Lake Trail,Glacier Bay National Park & Preserve,Gustavus,Alaska,United States,"{'lat': 58.46205, 'lng': -135.77323}",1.86,9495.106,141.732,1,out and back,1,3.5,4,"['dogs-no', 'forest', 'lake']","['hiking', 'mountain-biking', 'nature-trips', 'walking']"
Tlingit Trail,Glacier Bay National Park & Preserve,Gustavus,Alaska,United States,"{'lat': 58.45442, 'lng': -135.88565}",1.3701,1770.274,19.812,1,out and back,1,3.5,4,"['ada', 'beach', 'forest', 'lake', 'views']","['hiking', 'nature-trips', 'walking']"
Point Gustavus,Glacier Bay National Park & Preserve,Gustavus,Alaska,United States,"{'lat': 58.45379, 'lng': -135.88686}",1.3415,20116.75,117.9576,3,out and back,1,4,2,"['beach', 'dogs-no']","['hiking', 'nature-trips', 'walking']"
Avalanche Lake via the Trail of the Cedars,Glacier National Park,Lake Mc Donald,Montana,United States,"{'lat': 48.68007, 'lng': -113.81912}",49.4404,9173.238,227.9904,3,out and back,3,4.5,1465,"['ada', 'dogs-no', 'forest', 'lake', 'kids', 'river', 'strollers', 'views', 'waterfall', 'wild-flowers', 'wildlife']","['birding', 'hiking', 'nature-trips', 'skiing', 'trail-running', 'walking', 'cross-country-skiing']"
Grinnell Glacier Trail,Glacier National Park,Babb,Montana,United States,"{'lat': 48.79724, 'lng': -113.66887}",49.8766,18185.542,658.9776,5,out and back,3,5,1198,"['dogs-no', 'forest', 'lake', 'river', 'views', 'wild-flowers', 'wildlife']","['birding', 'fishing', 'hiking', 'nature-trips', 'fly-fishing']"
Iceberg Lake Trail,Glacier National Park,Babb,Montana,United States,"{'lat': 48.79961, 'lng': -113.67921}",41.1262,14966.862,441.96,3,out and back,2,5,806,"['beach', 'dogs-no', 'forest', 'lake', 'river', 'views', 'waterfall', 'wild-flowers', 'wildlife']","['birding', 'hiking', 'nature-trips', 'walking']"
Hidden Lake Trail,Glacier National Park,Siyeh Bend,Montana,United States,"{'lat': 48.69563, 'lng': -113.71716}",37.2892,8529.502,418.7952,3,out and back,3,4.5,647,"['dogs-no', 'forest', 'lake', 'kids', 'views', 'wild-flowers', 'wildlife']","['birding', 'hiking', 'nature-trips', 'snowshoeing']"
Highline Trail - Logan Pass to Granite Park Chalet,Glacier National Park,Lake Mc Donald,Montana,United States,"{'lat': 48.69603, 'lng': -113.71782}",35.4711,23979.166,785.7744,5,out and back,3,5,543,"['dogs-no', 'forest', 'river', 'views', 'wild-flowers', 'wildlife']","['backpacking', 'birding', 'camping', 'hiking', 'nature-trips', 'trail-running']"
Bright Angel Trail to Bright Angel Campground and River Trail,Grand Canyon National Park,Grand Canyon,Arizona,United States,"{'lat': 36.05735, 'lng': -112.14381}",37.4791,28485.318,1525.8288,5,out and back,3,5,670,"['dogs-no', 'river', 'views', 'wild-flowers', 'wildlife']","['backpacking', 'camping', 'hiking', 'nature-trips']"
"South Kaibab, Phantom Ranch, and Bright Angel Trail Loop ",Grand Canyon National Park,Grand Canyon,Arizona,United States,"{'lat': 36.05344, 'lng': -112.08364}",31.6323,26875.978,1400.8608,5,point to point,3,5,519,"['dogs-no', 'river', 'views', 'waterfall', 'wild-flowers', 'wildlife']","['backpacking', 'birding', 'camping', 'hiking', 'nature-trips']"
South Kaibab Trail to Cedar Ridge,Grand Canyon National Park,Grand Canyon,Arizona,United States,"{'lat': 36.05346, 'lng': -112.08361}",36.2709,4988.954,358.7496,3,out and back,3,5,489,"['cave', 'dogs-no', 'forest', 'partially-paved', 'views', 'wild-flowers', 'wildlife']","['birding', 'camping', 'hiking', 'nature-trips', 'walking', 'horseback-riding']"
South Kaibab Trail to Ooh Aah Point,Grand Canyon National Park,Grand Canyon,Arizona,United States,"{'lat': 36.05309, 'lng': -112.08387}",28.8685,2896.812,210.9216,3,out and back,3,5,455,"['dogs-no', 'views', 'wildlife']","['birding', 'hiking', 'nature-trips', 'walking']"
Three-Mile Resthouse via Bright Angel Trail,Grand Canyon National Park,Grand Canyon,Arizona,United States,"{'lat': 36.05701, 'lng': -112.14414}",33.256,8690.436,635.8128,5,out and back,3,4.5,454,"['dogs-no', 'river', 'views', 'wild-flowers', 'wildlife']","['backpacking', 'birding', 'hiking', 'nature-trips']"
Cascade Canyon Trail,Grand Teton National Park,Moose,Wyoming,United States,"{'lat': 43.7672, 'lng': -110.74426}",39.53,15610.598,343.8144,3,out and back,3,5,669,"['dogs-no', 'forest', 'lake', 'river', 'views', 'waterfall', 'wild-flowers', 'wildlife']","['camping', 'hiking']"
Jenny Lake Trail,Grand Teton National Park,Moose,Wyoming,United States,"{'lat': 43.75094, 'lng': -110.72384}",33.823,12391.918,221.8944,3,loop,3,4.5,602,"['beach', 'dogs-no', 'forest', 'lake', 'river', 'views', 'waterfall', 'wild-flowers', 'wildlife']","['hiking', 'snowshoeing']"
Taggart Lake Loop,Grand Teton National Park,Moose,Wyoming,United States,"{'lat': 43.69309, 'lng': -110.73286}",31.7082,6598.294,130.7592,1,loop,3,4.5,575,"['dogs-no', 'forest', 'lake', 'river', 'views', 'wild-flowers', 'wildlife']","['birding', 'hiking', 'trail-running', 'horseback-riding']"
Delta Lake via Amphitheater Lake Trail,Grand Teton National Park,Moose,Wyoming,United States,"{'lat': 43.73484, 'lng': -110.74153}",30.4936,14484.06,709.8792,5,out and back,3,5,553,"['dogs-no', 'forest', 'lake', 'views', 'wild-flowers', 'wildlife']","['birding', 'hiking', 'nature-trips']"
Phelps Lake Trail,Grand Teton National Park,Jackson,Wyoming,United States,"{'lat': 43.62661, 'lng': -110.77327}",26.6183,11265.38,220.98,3,loop,3,4.5,433,"['dogs-no', 'forest', 'lake', 'river', 'views', 'wild-flowers', 'wildlife']","['backpacking', 'birding', 'camping', 'hiking', 'nature-trips', 'walking']"
Wheeler Peak Trail via Stella Lake Trail,Great Basin National Park,Baker,Nevada,United States,"{'lat': 39.01731, 'lng': -114.30329}",15.7517,13196.588,885.7488,5,out and back,3,5,135,"['dogs-no', 'forest', 'lake', 'river', 'views', 'wild-flowers', 'wildlife']","['birding', 'hiking', 'nature-trips']"
Bristlecone Pine Glacier Trail,Great Basin National Park,Baker,Nevada,United States,"{'lat': 39.01015, 'lng': -114.30698}",14.6046,7242.03,322.7832,3,out and back,2,4.5,125,"['dogs-no', 'forest', 'kids', 'views', 'wild-flowers', 'wildlife']","['birding', 'hiking', 'nature-trips', 'walking']"
Alpine Lakes Trail,Great Basin National Park,Baker,Nevada,United States,"{'lat': 39.00984, 'lng': -114.30709}",12.5884,4345.218,142.9512,1,loop,2,4.5,83,"['dogs-no', 'forest', 'lake', 'kids', 'river', 'views', 'wild-flowers', 'wildlife']","['birding', 'hiking', 'nature-trips', 'walking']"
Lehman Cave,Great Basin National Park,Baker,Nevada,United States,"{'lat': 39.00545, 'lng': -114.2195}",9.042,643.736,13.716,1,loop,3,4.5,42,"['cave', 'dogs-no', 'kids', 'partially-paved', 'views', 'wild-flowers']","['hiking', 'walking']"
Bristlecone and Alpine Lakes Loop,Great Basin National Park,Baker,Nevada,United States,"{'lat': 39.01015, 'lng': -114.30705}",7.5185,8529.502,308.7624,3,loop,2,4.5,37,"['forest', 'lake', 'views']","['birding', 'hiking', 'nature-trips', 'walking']"
High Dune Trail,Great Sand Dunes National Park & Preserve,Mosca,Colorado,United States,"{'lat': 37.73995, 'lng': -105.51672}",22.6281,4828.02,191.7192,5,out and back,3,5,309,"['dogs-no', 'river', 'views', 'wild-flowers', 'wildlife']","['birding', 'camping', 'hiking', 'nature-trips']"
Mosca Pass Trail,Great Sand Dunes National Park & Preserve,Mosca,Colorado,United States,"{'lat': 37.7341, 'lng': -105.50849}",14.1369,10299.776,444.7032,3,out and back,3,4.5,119,"['dogs-leash', 'forest', 'views', 'wild-flowers', 'wildlife']","['birding', 'hiking', 'mountain-biking', 'nature-trips', 'trail-running']"
Dunes Trail from Pinyon Flats,Great Sand Dunes National Park & Preserve,Mosca,Colorado,United States,"{'lat': 37.74456, 'lng': -105.50692}",13.9155,7242.03,290.7792,5,loop,1,4.5,76,"['dogs-leash', 'views']","['birding', 'camping', 'hiking', 'nature-trips']"
Sand Dunes Loop Trail,Great Sand Dunes National Park & Preserve,Mosca,Colorado,United States,"{'lat': 37.74001, 'lng': -105.51679}",11.4416,8046.7,225.8568,3,loop,1,4.5,44,"['dogs-leash', 'kids', 'views', 'wild-flowers', 'wildlife']","['birding', 'hiking', 'nature-trips', 'walking', 'horseback-riding']"
Upper Sand Creek Lake Trail,Great Sand Dunes National Park & Preserve,Westcliffe,Colorado,United States,"{'lat': 37.92438, 'lng': -105.48759}",8.8522,11909.116,598.932,7,out and back,1,4.5,17,"['lake', 'views']","['backpacking', 'hiking', 'trail-running']"
Alum Cave Trail to Mount LeConte,Great Smoky Mountains National Park,Gatlinburg,Tennessee,United States,"{'lat': 35.62957, 'lng': -83.45172}",61.3755,17219.938,916.8384,5,out and back,4,5,2122,"['cave', 'dogs-no', 'forest', 'river', 'views', 'waterfall', 'wild-flowers', 'wildlife']","['backpacking', 'birding', 'hiking']"
Chimney Tops Trail,Great Smoky Mountains National Park,Gatlinburg,Tennessee,United States,"{'lat': 35.63544, 'lng': -83.46976}",49.5063,5793.624,392.8872,5,out and back,4,4.5,1347,"['dogs-no', 'forest', 'river', 'views', 'wild-flowers', 'wildlife']","['backpacking', 'hiking', 'nature-trips', 'rock-climbing']"
Laurel Falls Trail,Great Smoky Mountains National Park,Gatlinburg,Tennessee,United States,"{'lat': 35.6719, 'lng': -83.58062}",39.9339,3862.416,120.7008,1,out and back,3,4,1316,"['dogs-no', 'forest', 'kids', 'paved', 'views', 'waterfall', 'wildlife']","['birding', 'hiking', 'nature-trips', 'walking']"
Grotto Falls Trail,Great Smoky Mountains National Park,Gatlinburg,Tennessee,United States,"{'lat': 35.68027, 'lng': -83.46261}",44.5689,4184.284,162.7632,3,out and back,3,4.5,1109,"['dogs-no', 'forest', 'kids', 'river', 'views', 'waterfall', 'wild-flowers', 'wildlife']","['birding', 'hiking', 'nature-trips', 'walking']"
Rainbow Falls Trail,Great Smoky Mountains National Park,Gatlinburg,Tennessee,United States,"{'lat': 35.67592, 'lng': -83.48668}",45.0827,8851.37,503.8344,3,out and back,3,4.5,1107,"['dogs-no', 'forest', 'river', 'views', 'waterfall', 'wild-flowers', 'wildlife']","['backpacking', 'birding', 'hiking', 'nature-trips', 'trail-running', 'walking']"
Guadalupe Peak Texas Highpoint Trail,Guadalupe Mountains National Park,Salt Flat,Texas,United States,"{'lat': 31.89666, 'lng': -104.82815}",31.1233,13035.654,873.8616,5,out and back,3,5,733,"['dogs-no', 'forest', 'views', 'wildlife']","['backpacking', 'birding', 'camping', 'hiking', 'nature-trips']"
Devil's Hall Trail,Guadalupe Mountains National Park,Salt Flat,Texas,United States,"{'lat': 31.89668, 'lng': -104.82815}",17.7522,5793.624,175.8696,3,out and back,2,4.5,233,"['dogs-no', 'views']","['camping', 'hiking', 'rock-climbing']"
Smith Spring Trail,Guadalupe Mountains National Park,Salt Flat,Texas,United States,"{'lat': 31.90662, 'lng': -104.8016}",10.8965,3862.416,117.9576,1,loop,2,4.5,90,"['dogs-no', 'kids', 'river', 'views', 'wild-flowers', 'wildlife']","['birding', 'hiking', 'nature-trips', 'trail-running', 'walking']"
McKittrick Canyon Trail,Guadalupe Mountains National Park,Salt Flat,Texas,United States,"{'lat': 31.97778, 'lng': -104.75232}",11.5435,32508.668,1330.7568,3,out and back,2,4.5,64,"['dogs-no', 'views', 'wild-flowers', 'wildlife']","['camping', 'hiking', 'walking']"
The Pinery,Guadalupe Mountains National Park,Salt Flat,Texas,United States,"{'lat': 31.89409, 'lng': -104.82201}",5.2229,1448.406,23.7744,1,out and back,1,3.5,30,"['ada', 'dogs-no', 'kids', 'paved', 'strollers', 'views', 'wild-flowers']","['nature-trips', 'walking']"
Pipiwai Trail and Waimoku Falls,Haleakalā National Park,Hana,Maui,Hawaii,"{'lat': 20.66233, 'lng': -156.04445}",33.3147,5471.756,249.936,3,out and back,4,5,697,"['dogs-no', 'forest', 'river', 'views', 'waterfall', 'wild-flowers', 'wildlife']","['birding', 'hiking', 'nature-trips', 'trail-running', 'walking']"
Sliding Sands Trail,Haleakalā National Park,Kula,Maui,Hawaii,"{'lat': 20.71473, 'lng': -156.25053}",23.5557,17702.74,851.916,7,out and back,3,4.5,355,"['dogs-no', 'views', 'wild-flowers']","['birding', 'camping', 'hiking', 'nature-trips', 'trail-running', 'walking']"
Seven Sacred Pools Trail ('Ohe'o Gulch),Haleakalā National Park,Hana,Maui,Hawaii,"{'lat': 20.662, 'lng': -156.04514}",19.7384,965.604,32.9184,1,loop,3,4,201,"['dogs-no', 'forest', 'kids', 'river', 'views', 'waterfall', 'wild-flowers', 'wildlife']","['birding', 'hiking', 'nature-trips', 'walking']"
Halemau'u Haleakala Overlook Trail,Haleakalā National Park,Kula,Maui,Hawaii,"{'lat': 20.75236, 'lng': -156.22844}",15.8383,12230.984,723.9,5,out and back,1,4.5,126,"['dogs-no', 'views', 'wildlife']","['hiking', 'trail-running']"
Haleakala Crater Trail,Haleakalā National Park,Kula,Maui,Hawaii,"{'lat': 20.71449, 'lng': -156.25072}",13.5643,18024.608,930.8592,5,point to point,1,5,99,"['dogs-no', 'views']","['backpacking', 'camping', 'hiking', 'nature-trips']"
Kilauea Iki Trail and Crater Rim Trail,Hawaiʻi Volcanoes National Park,Pahala,Hawaii,Hawaii,"{'lat': 19.41648, 'lng': -155.24294}",25.6723,4828.02,209.7024,3,loop,3,4.5,473,"['dogs-no', 'forest', 'kids', 'views', 'wild-flowers', 'wildlife']","['hiking', 'nature-trips', 'walking']"
Halema’uma’u Steam Bluff and Sulfur Banks,Hawaiʻi Volcanoes National Park,Volcano,Hawaii,Hawaii,"{'lat': 19.42902, 'lng': -155.25833}",9.9452,2092.142,24.9936,1,loop,2,4,103,"['ada', 'dogs-no', 'forest', 'kids', 'paved', 'strollers', 'views', 'wild-flowers', 'wildlife']","['birding', 'hiking', 'nature-trips', 'walking']"
Puu Loa Petroglyphs Trail,Hawaiʻi Volcanoes National Park,Pahala,Hawaii,Hawaii,"{'lat': 19.28898, 'lng': -155.12998}",9.7011,1931.208,25.908,3,out and back,2,4,97,"['historic-site', 'kids', 'views', 'wildlife']","['birding', 'hiking', 'nature-trips', 'trail-running', 'walking']"
Devastation Trail to Puu Puai Overlook,Hawaiʻi Volcanoes National Park,Pahala,Hawaii,Hawaii,"{'lat': 19.4064, 'lng': -155.25293}",8.9927,1609.34,37.7952,1,out and back,3,3.5,79,"['ada', 'dogs-no', 'forest', 'historic-site', 'kids', 'paved', 'strollers', 'views', 'wild-flowers', 'wildlife']","['hiking', 'nature-trips', 'walking']"
Pu'u Huluhulu via Napau Crater Trail,Hawaiʻi Volcanoes National Park,Pahoa,Hawaii,Hawaii,"{'lat': 19.36539, 'lng': -155.2165}",10.4307,4023.35,94.7928,3,out and back,3,4.5,74,"['dogs-no', 'kids', 'views', 'wild-flowers']",['hiking']
West Mountain Trail,Hot Springs National Park,Hot Springs National Park,Arkansas,United States,"{'lat': 34.51279, 'lng': -93.05836}",12.1636,3057.746,107.8992,3,loop,2,4.5,104,"['dogs-leash', 'forest', 'kids', 'views', 'wild-flowers', 'wildlife']","['birding', 'hiking', 'nature-trips', 'trail-running', 'walking']"
Sunset Trail,Hot Springs National Park,Hot Springs National Park,Arkansas,United States,"{'lat': 34.5256, 'lng': -93.03637}",12.9365,20921.42,722.9856,5,loop,2,4,103,"['dogs-leash', 'forest', 'hot-springs', 'views', 'wild-flowers']","['birding', 'hiking', 'nature-trips', 'trail-running']"
Gulpha Gorge Trail,Hot Springs National Park,Hot Springs National Park,Arkansas,United States,"{'lat': 34.52556, 'lng': -93.03645}",9.7609,1931.208,116.7384,3,out and back,2,4,75,"['dogs-leash', 'forest', 'views', 'wild-flowers', 'wildlife']","['birding', 'hiking', 'nature-trips', 'walking']"
Goat Rock Trail,Hot Springs National Park,Hot Springs National Park,Arkansas,United States,"{'lat': 34.52802, 'lng': -93.03995}",11.2556,3862.416,115.824,3,out and back,2,4.5,73,"['dogs-leash', 'forest', 'kids', 'views', 'wild-flowers', 'wildlife']","['birding', 'hiking', 'nature-trips', 'road-biking', 'trail-running', 'walking']"
Peak Trail,Hot Springs National Park,Hot Springs National Park,Arkansas,United States,"{'lat': 34.51334, 'lng': -93.05276}",7.7461,2092.142,108.8136,1,out and back,2,3.5,64,"['dogs-leash', 'forest', 'kids', 'views', 'wild-flowers']",['walking']
Cowles Bog Trail,Indiana Dunes National Park,Chesterton,Indiana,United States,"{'lat': 41.64508, 'lng': -87.0857}",15.7128,6920.162,64.9224,3,loop,2,4.5,204,"['beach', 'dogs-no', 'forest', 'lake', 'kids', 'wild-flowers', 'wildlife']","['birding', 'hiking', 'nature-trips', 'snowshoeing', 'trail-running', 'cross-country-skiing']"
Little Calumet River Trail Loop,Indiana Dunes National Park,Chesterton,Indiana,United States,"{'lat': 41.6245, 'lng': -87.08934}",9.1546,6276.426,50.9016,3,loop,2,4,64,"['dogs-no', 'forest', 'historic-site', 'kids', 'partially-paved', 'views', 'wild-flowers', 'wildlife']","['birding', 'hiking', 'nature-trips', 'walking']"
West Beach Loop with Scallop Dunes and Long Lake Trail,Indiana Dunes National Park,Portage,Indiana,United States,"{'lat': 41.62244, 'lng': -87.20793}",8.6337,5471.756,78.9432,3,loop,2,4,53,"['ada', 'beach', 'dogs-no', 'lake', 'kids', 'strollers', 'views', 'wild-flowers']","['birding', 'hiking', 'nature-trips', 'trail-running', 'walking']"
Dune Ridge Trail,Indiana Dunes National Park,Beverly Shores,Indiana,United States,"{'lat': 41.67729, 'lng': -87.00886}",5.6075,1448.406,26.8224,3,loop,1,4,35,"['dogs-no', 'forest', 'views', 'wild-flowers', 'wildlife']","['birding', 'hiking', 'nature-trips', 'trail-running', 'walking']"
Miller Woods Trail,Indiana Dunes National Park,Gary,Indiana,United States,"{'lat': 41.60671, 'lng': -87.26868}",5.8174,6115.492,40.8432,1,out and back,1,4.5,29,"['beach', 'lake', 'views', 'wildlife']","['hiking', 'nature-trips', 'walking']"
Greenstone Ridge Trail: Windigo to Tobin Harbor,Isle Royale National Park,Mohawk,Michigan,United States,"{'lat': 47.91214, 'lng': -89.15641}",7.5075,63568.93,1216.7616,5,point to point,2,4,24,"['dogs-no', 'forest', 'lake', 'river', 'wildlife']","['backpacking', 'birding', 'camping', 'hiking', 'nature-trips']"
Rainbow Cove Trail,Isle Royale National Park,Saint Louis,Michigan,United States,"{'lat': 47.84193, 'lng': -89.19248}",1.6581,2253.076,21.9456,1,out and back,2,5,2,"['beach', 'dogs-no', 'forest', 'kids', 'views']","['birding', 'hiking', 'nature-trips', 'walking']"
Malone Bay to Hatchett Lake,Isle Royale National Park,Houghton,Michigan,United States,"{'lat': 47.98498, 'lng': -88.79939}",1.5845,37658.556,664.7688,3,out and back,,0,0,"['dogs-no', 'forest', 'lake', 'wildlife']","['backpacking', 'birding', 'camping', 'fishing', 'hiking', 'trail-running']"
Ishpeming Trail to Ishpeming Point,Isle Royale National Park,Houghton,Michigan,United States,"{'lat': 47.98499, 'lng': -88.79938}",1.3234,23496.364,339.852,3,out and back,,0,0,"['dogs-no', 'forest', 'lake', 'wildlife']","['camping', 'hiking', 'trail-running']"
Ryan Mountain Trail,Joshua Tree National Park,Twentynine Palms,California,United States,"{'lat': 34.00264, 'lng': -116.13594}",37.0218,4828.02,325.8312,3,out and back,3,4.5,917,"['dogs-no', 'kids', 'views', 'wild-flowers', 'wildlife']",['hiking']
Hidden Valley Nature Trail,Joshua Tree National Park,Twentynine Palms,California,United States,"{'lat': 34.01234, 'lng': -116.16807}",27.9587,1609.34,34.7472,1,loop,3,4.5,500,"['dogs-no', 'kids', 'views', 'wild-flowers', 'wildlife']","['birding', 'hiking', 'nature-trips', 'rock-climbing', 'trail-running', 'walking']"
Barker Dam Nature Trail,Joshua Tree National Park,Twentynine Palms,California,United States,"{'lat': 34.02511, 'lng': -116.14173}",30.1796,2896.812,19.812,1,out and back,3,4.5,480,"['dogs-no', 'forest', 'lake', 'kids', 'views', 'wild-flowers', 'wildlife']","['birding', 'hiking', 'nature-trips', 'rock-climbing', 'trail-running', 'walking']"
Fortynine Palms Oasis Trail,Joshua Tree National Park,Twentynine Palms,California,United States,"{'lat': 34.11922, 'lng': -116.11198}",24.2376,4506.152,188.976,3,out and back,3,4.5,381,"['dogs-no', 'kids', 'views', 'wildlife']","['hiking', 'nature-trips', 'trail-running']"
Lost Horse Mine Loop Trail,Joshua Tree National Park,Twentynine Palms,California,United States,"{'lat': 33.95082, 'lng': -116.15985}",23.7689,11104.446,277.9776,3,loop,3,4.5,358,"['dogs-no', 'views', 'wild-flowers', 'wildlife']","['camping', 'hiking', 'nature-trips', 'trail-running']"
Dumpling Mountain,Katmai National Park & Preserve,Kodiak,Alaska,United States,"{'lat': 58.55626, 'lng': -155.77832}",2.0328,4828.02,225.8568,3,out and back,1,4,5,"['forest', 'views', 'wild-flowers', 'wildlife']","['hiking', 'nature-trips', 'trail-running']"
Brooks Falls,Katmai National Park & Preserve,King Salmon,Alaska,United States,"{'lat': 58.55986, 'lng': -155.77752}",2.4937,4667.086,63.7032,1,out and back,2,4.5,4,"['forest', 'river', 'views', 'waterfall', 'wildlife']","['hiking', 'walking']"
Harding Ice Field Trail,Kenai Fjords National Park,Seward,Alaska,United States,"{'lat': 60.18852, 'lng': -149.63156}",24.8931,15610.598,1161.8976,5,out and back,3,5,423,"['dogs-no', 'forest', 'river', 'views', 'waterfall', 'wild-flowers', 'wildlife']","['birding', 'camping', 'hiking', 'nature-trips', 'trail-running']"
Exit Glacier Trail,Kenai Fjords National Park,Seward,Alaska,United States,"{'lat': 60.18879, 'lng': -149.631}",17.7821,2896.812,81.9912,1,out and back,3,4.5,224,"['dogs-no', 'partially-paved', 'views', 'wildlife']","['hiking', 'walking']"
Lassen Peak,Lassen Volcanic National Park,Old Station,California,United States,"{'lat': 40.47458, 'lng': -121.5057}",32.6439,8207.634,599.8464,5,out and back,3,5,614,"['dogs-no', 'forest', 'lake', 'hot-springs', 'river', 'views', 'wild-flowers', 'wildlife']","['birding', 'camping', 'hiking', 'nature-trips', 'rock-climbing', 'trail-running', 'cross-country-skiing']"
Kings Creek Falls Trail,Lassen Volcanic National Park,Old Station,California,United States,"{'lat': 40.46067, 'lng': -121.4593}",19.9753,4345.218,143.8656,3,out and back,2,4.5,242,"['dogs-no', 'forest', 'views', 'waterfall', 'wild-flowers', 'wildlife']","['birding', 'hiking', 'nature-trips', 'walking']"
Cinder Cone Nature Trail,Lassen Volcanic National Park,Old Station,California,United States,"{'lat': 40.56491, 'lng': -121.30184}",19.1894,7724.832,317.9064,5,loop,2,5,197,"['dogs-no', 'forest', 'lake', 'views', 'wild-flowers', 'wildlife']","['backpacking', 'birding', 'camping', 'hiking', 'nature-trips', 'trail-running']"
Brokeoff Mountain Trail,Lassen Volcanic National Park,Mill Creek,California,United States,"{'lat': 40.43107, 'lng': -121.53624}",18.4314,12230.984,786.9936,5,out and back,1,5,185,"['dogs-no', 'forest', 'lake', 'views', 'wild-flowers', 'wildlife']","['birding', 'camping', 'hiking', 'nature-trips', 'rock-climbing', 'trail-running']"
Manzanita Lake Loop,Lassen Volcanic National Park,Old Station,California,United States,"{'lat': 40.53626, 'lng': -121.56251}",15.1058,3057.746,13.716,1,loop,2,4.5,142,"['dogs-no', 'forest', 'lake', 'kids', 'views', 'wild-flowers', 'wildlife']","['birding', 'camping', 'fishing', 'hiking', 'nature-trips', 'snowshoeing', 'trail-running', 'walking', 'fly-fishing']"
Green River Bluffs Trail,Mammoth Cave National Park,Mammoth Cave,Kentucky,United States,"{'lat': 37.18836, 'lng': -86.101}",15.2418,7242.03,169.7736,3,loop,1,4.5,157,"['cave', 'dogs-leash', 'forest', 'kids', 'river', 'views']","['birding', 'camping', 'hiking', 'nature-trips', 'trail-running', 'walking']"
Cedar Sink Trail,Mammoth Cave National Park,Park City,Kentucky,United States,"{'lat': 37.15571, 'lng': -86.16037}",12.2808,2896.812,70.7136,1,out and back,,4.5,105,"['cave', 'dogs-leash', 'forest', 'views', 'wild-flowers', 'wildlife']","['birding', 'hiking', 'nature-trips']"
Sinkhole Trail,Mammoth Cave National Park,Mammoth Cave,Kentucky,United States,"{'lat': 37.18574, 'lng': -86.1011}",8.9965,3862.416,108.8136,1,out and back,1,4,63,"['cave', 'dogs-leash', 'forest', 'kids']","['hiking', 'nature-trips', 'walking']"
Dixon Cave Trail Loop,Mammoth Cave National Park,Mammoth Cave,Kentucky,United States,"{'lat': 37.18657, 'lng': -86.10066}",6.5465,2414.01,83.82,1,loop,2,4,46,"['cave', 'dogs-leash', 'forest', 'historic-site', 'kids', 'partially-paved', 'river', 'views', 'wild-flowers', 'wildlife']","['hiking', 'nature-trips', 'walking']"
Echo River Spring and Sinkhole Loop,Mammoth Cave National Park,Mammoth Cave,Kentucky,United States,"{'lat': 37.18708, 'lng': -86.10115}",8.5146,4988.954,122.8344,1,loop,1,4,44,"['dogs-leash', 'forest', 'kids', 'river', 'wildlife']","['hiking', 'nature-trips', 'walking']"
Petroglyph Point Trail,Mesa Verde National Park,Mesa Verde National Park,Colorado,United States,"{'lat': 37.18421, 'lng': -108.48892}",18.1745,4184.284,131.9784,3,loop,3,4.5,240,"['dogs-no', 'kids', 'views', 'wild-flowers', 'wildlife']","['birding', 'hiking', 'nature-trips', 'trail-running']"
Cliff Palace Loop Trail,Mesa Verde National Park,Mesa Verde National Park,Colorado,United States,"{'lat': 37.16609, 'lng': -108.47224}",15.2049,643.736,25.908,1,loop,3,4.5,87,"['dogs-no', 'historic-site', 'kids', 'partially-paved', 'views', 'wild-flowers', 'wildlife']","['birding', 'hiking', 'nature-trips', 'trail-running', 'walking']"
Soda Canyon Overlook Trail,Mesa Verde National Park,Mesa Verde National Park,Colorado,United States,"{'lat': 37.16756, 'lng': -108.46994}",9.3427,1931.208,17.9832,1,out and back,3,4,76,"['kids', 'views', 'wild-flowers', 'wildlife']","['birding', 'hiking', 'nature-trips', 'walking']"
Balcony House Loop Trail,Mesa Verde National Park,Mesa Verde National Park,Colorado,United States,"{'lat': 37.1624, 'lng': -108.46512}",12.7726,643.736,27.7368,1,loop,3,4.5,68,"['dogs-no', 'forest', 'kids', 'views', 'wild-flowers', 'wildlife']","['birding', 'hiking', 'nature-trips']"
Mesa Verde Point Lookout Trail,Mesa Verde National Park,Mesa Verde National Park,Colorado,United States,"{'lat': 37.30649, 'lng': -108.42017}",10.8043,3379.614,161.8488,3,out and back,2,4.5,61,"['dogs-no', 'kids', 'views', 'wild-flowers', 'wildlife']","['birding', 'hiking', 'nature-trips', 'trail-running', 'walking']"
Skyline Trail,Mount Rainier National Park,Paradise Inn,Washington,United States,"{'lat': 46.78647, 'lng': -121.73641}",45.1568,8529.502,535.8384,3,loop,3,5,1080,"['dogs-no', 'forest', 'partially-paved', 'river', 'views', 'waterfall', 'wild-flowers', 'wildlife']","['backpacking', 'camping', 'hiking']"
Tolmie Peak Trail,Mount Rainier National Park,Ashford,Washington,United States,"{'lat': 46.93736, 'lng': -121.8677}",49.5524,8851.37,463.9056,3,out and back,3,4.5,873,"['dogs-no', 'forest', 'lake', 'views', 'wild-flowers', 'wildlife']","['hiking', 'nature-trips']"
Naches Peak Loop Trail,Mount Rainier National Park,Ashford,Washington,United States,"{'lat': 46.86978, 'lng': -121.51945}",31.759,5310.822,193.8528,1,loop,3,4.5,520,"['dogs-no', 'forest', 'lake', 'kids', 'views', 'wild-flowers', 'wildlife']","['birding', 'hiking', 'nature-trips', 'trail-running', 'walking', 'horseback-riding']"
Camp Muir Route Via Skyline Trail,Mount Rainier National Park,Paradise Inn,Washington,United States,"{'lat': 46.78616, 'lng': -121.73599}",32.9757,13518.456,1403.9088,7,out and back,3,5,455,"['dogs-no', 'forest', 'river', 'views', 'waterfall', 'wild-flowers', 'wildlife']","['birding', 'hiking', 'nature-trips', 'rock-climbing', 'skiing', 'snowshoeing', 'snowboarding']"
Comet and Christine Falls,Mount Rainier National Park,Ashford,Washington,United States,"{'lat': 46.77868, 'lng': -121.7839}",33.916,6920.162,610.8192,3,out and back,2,4.5,433,"['dogs-no', 'forest', 'river', 'views', 'waterfall', 'wild-flowers', 'wildlife']","['birding', 'hiking', 'nature-trips', 'walking']"
Blue Lake Trail,North Cascades National Park,Stehekin,Washington,United States,"{'lat': 48.51941, 'lng': -120.67423}",26.4301,8529.502,291.9984,3,out and back,3,4.5,287,"['dogs-no', 'forest', 'lake', 'kids', 'river', 'views', 'wild-flowers', 'wildlife']","['birding', 'fishing', 'hiking', 'nature-trips', 'rock-climbing', 'snowshoeing', 'trail-running', 'walking', 'fly-fishing']"
Cascade Pass and Sahale Arm Trail,North Cascades National Park,Rockport,Washington,United States,"{'lat': 48.4754, 'lng': -121.07501}",24.2621,17541.806,1175.9184,5,out and back,2,5,248,"['dogs-no', 'forest', 'views', 'wild-flowers', 'wildlife']","['backpacking', 'birding', 'camping', 'hiking', 'nature-trips', 'rock-climbing']"
Sourdough Mountain Trail,North Cascades National Park,Marblemount,Washington,United States,"{'lat': 48.71784, 'lng': -121.14496}",21.184,14644.994,1555.6992,5,out and back,1,4.5,111,"['dogs-no', 'forest', 'river', 'views', 'wild-flowers', 'wildlife']","['birding', 'hiking', 'nature-trips']"
Cascade Pass Trail,North Cascades National Park,Rockport,Washington,United States,"{'lat': 48.47497, 'lng': -121.07505}",16.1338,10460.71,542.8488,5,out and back,1,5,105,"['dogs-no', 'forest', 'views', 'wildlife']","['birding', 'hiking']"
Cascade Pass Trail to Cottonwood Camp,North Cascades National Park,Marblemount,Washington,United States,"{'lat': 48.4754, 'lng': -121.07502}",18.866,25588.506,1422.8064,5,out and back,2,5,66,"['dogs-no', 'forest', 'lake', 'river', 'views', 'wild-flowers', 'wildlife']","['birding', 'camping', 'hiking', 'nature-trips', 'rock-climbing']"
Mount Storm King,Olympic National Park,Port Angeles,Washington,United States,"{'lat': 48.05809, 'lng': -123.78918}",36.5259,6276.426,638.8608,5,out and back,3,5,710,"['dogs-no', 'forest', 'lake', 'river', 'views', 'wild-flowers', 'wildlife']","['birding', 'hiking', 'nature-trips', 'trail-running']"
Hoh Rain Forest Hall of Moss,Olympic National Park,Forks,Washington,United States,"{'lat': 47.86023, 'lng': -123.9345}",34.6194,1609.34,23.7744,1,loop,3,4.5,684,"['ada', 'dogs-no', 'forest', 'kids', 'partially-paved', 'strollers', 'views', 'wild-flowers', 'wildlife']","['birding', 'camping', 'hiking', 'nature-trips', 'trail-running', 'walking']"
Hurricane Hill via Hurricane Ridge,Olympic National Park,Port Angeles,Washington,United States,"{'lat': 47.97651, 'lng': -123.5178}",42.0778,4988.954,242.9256,3,out and back,3,4.5,621,"['dogs-no', 'forest', 'partially-paved', 'river', 'views', 'wild-flowers', 'wildlife']","['birding', 'hiking', 'nature-trips', 'snowshoeing']"
Marymere Falls Trail,Olympic National Park,Port Angeles,Washington,United States,"{'lat': 48.05808, 'lng': -123.78914}",34.5807,2735.878,90.8304,1,out and back,2,4.5,609,"['dogs-no', 'forest', 'lake', 'kids', 'river', 'views', 'waterfall', 'wild-flowers', 'wildlife']","['birding', 'hiking', 'nature-trips', 'walking']"
Sol Duc Falls Nature Trail,Olympic National Park,Port Angeles,Washington,United States,"{'lat': 47.95482, 'lng': -123.83476}",35.5599,2574.944,77.724,1,out and back,2,4.5,531,"['dogs-no', 'forest', 'lake', 'kids', 'river', 'views', 'waterfall', 'wild-flowers', 'wildlife']","['birding', 'camping', 'hiking', 'nature-trips', 'walking']"
Blue Mesa Trail,Petrified Forest National Park,Holbrook,Arizona,United States,"{'lat': 34.93947, 'lng': -109.75639}",15.5733,1448.406,32.9184,1,loop,3,4.5,163,"['dogs-leash', 'kids', 'partially-paved', 'views']","['hiking', 'walking']"
Crystal Forest Trail,Petrified Forest National Park,Petrified Forest National Park,Arizona,United States,"{'lat': 34.86326, 'lng': -109.79239}",11.5545,1448.406,10.9728,1,loop,1,4.5,95,"['dogs-leash', 'kids', 'paved', 'views']","['hiking', 'nature-trips', 'walking']"
Painted Desert Rim Trail,Petrified Forest National Park,Chambers,Arizona,United States,"{'lat': 35.080330000000004, 'lng': -109.78349}",10.9378,1770.274,11.8872,1,out and back,1,4,61,"['dogs-leash', 'kids', 'views']","['hiking', 'nature-trips', 'walking']"
Onyx Bridge Trail,Petrified Forest National Park,Chambers,Arizona,United States,"{'lat': 35.0837, 'lng': -109.78904}",8.7642,7402.964,134.7216,3,loop,1,4,59,"['dogs-leash', 'views', 'wild-flowers', 'wildlife']","['birding', 'hiking', 'nature-trips']"
Petrified Forest Scenic Drive,Petrified Forest National Park,Chambers,Arizona,United States,"{'lat': 35.06032, 'lng': -109.78196}",10.9165,46027.124,297.7896,3,point to point,2,4.5,52,"['dogs-leash', 'kids', 'paved', 'views']","['nature-trips', 'scenic-driving']"
Condor Gulch Trail to High Peaks Trail Loop,Pinnacles National Park,Paicines,California,United States,"{'lat': 36.48145, 'lng': -121.18174}",25.0432,8690.436,484.9368,5,loop,3,4.5,282,"['cave', 'dogs-no', 'forest', 'lake', 'views', 'wild-flowers', 'wildlife']","['birding', 'hiking', 'nature-trips', 'rock-climbing', 'trail-running']"
Bear Gulch Day Use Area to Reservoir via Rim Trail,Pinnacles National Park,Paicines,California,United States,"{'lat': 36.48131, 'lng': -121.18169}",18.2277,2896.812,134.7216,3,loop,2,4.5,193,"['cave', 'dogs-no', 'forest', 'lake', 'kids', 'views', 'waterfall', 'wild-flowers', 'wildlife']","['birding', 'camping', 'hiking', 'nature-trips', 'rock-climbing', 'trail-running']"
Old Pinnacles Trail to Balconies,Pinnacles National Park,Paicines,California,United States,"{'lat': 36.49497, 'lng': -121.17305}",14.2093,8207.634,150.876,3,loop,2,4.5,117,"['cave', 'dogs-no']","['hiking', 'nature-trips', 'walking']"
Old Pinnacles Trail Loop,Pinnacles National Park,Soledad,California,United States,"{'lat': 36.49183, 'lng': -121.2096}",18.9167,15288.73,527.9136,3,loop,3,4.5,111,"['dogs-no', 'views', 'wild-flowers', 'wildlife']","['birding', 'hiking', 'nature-trips', 'rock-climbing']"
Juniper Canyon Trail to High Peaks,Pinnacles National Park,Paicines,California,United States,"{'lat': 36.49166, 'lng': -121.20927}",12.9046,5793.624,383.7432,5,loop,3,4.5,97,"['dogs-no', 'forest', 'river', 'views', 'wild-flowers', 'wildlife']","['birding', 'hiking', 'nature-trips', 'rock-climbing', 'trail-running']"
Emerald Lake Trail,Rocky Mountain National Park,Estes Park,Colorado,United States,"{'lat': 40.31177, 'lng': -105.64533}",83.0341,4988.954,215.7984,3,out and back,4,4.5,2991,"['dogs-no', 'forest', 'lake', 'kids', 'partially-paved', 'river', 'views', 'wild-flowers', 'wildlife']","['birding', 'fishing', 'hiking', 'nature-trips', 'snowshoeing', 'walking', 'fly-fishing']"
Gem Lake Trail,Rocky Mountain National Park,Glen Haven,Colorado,United States,"{'lat': 40.39644, 'lng': -105.51299}",54.6336,4988.954,301.752,3,out and back,4,4.5,1651,"['dogs-no', 'forest', 'lake', 'river', 'views', 'wild-flowers', 'wildlife']","['camping', 'hiking', 'nature-trips']"
Sky Pond via Glacier Gorge Trail,Rocky Mountain National Park,Estes Park,Colorado,United States,"{'lat': 40.31052, 'lng': -105.64032}",65.477,13035.654,537.972,5,out and back,3,5,1599,"['dogs-no', 'forest', 'lake', 'river', 'views', 'waterfall', 'wild-flowers', 'wildlife']","['birding', 'hiking', 'nature-trips', 'snowshoeing', 'trail-running']"
Deer Mountain Trail,Rocky Mountain National Park,Estes Park,Colorado,United States,"{'lat': 40.3868, 'lng': -105.60978}",37.8313,9012.304,426.72,3,out and back,3,4.5,927,"['dogs-no', 'forest', 'views', 'wildlife']","['birding', 'hiking', 'nature-trips', 'walking', 'horseback-riding']"
Chasm Lake,Rocky Mountain National Park,Estes Park,Colorado,United States,"{'lat': 40.27267, 'lng': -105.55684}",44.9877,15127.796,792.7848,5,out and back,3,5,888,"['dogs-no', 'forest', 'lake', 'river', 'views', 'waterfall', 'wild-flowers', 'wildlife']","['birding', 'hiking', 'snowshoeing', 'trail-running', 'horseback-riding']"
Bridal Wreath Falls Trail,Saguaro National Park,Tucson,Arizona,United States,"{'lat': 32.23512, 'lng': -110.68683}",20.8545,9012.304,326.7456,3,out and back,2,4.5,259,"['dogs-no', 'kids', 'views', 'waterfall', 'wild-flowers', 'wildlife']","['birding', 'hiking', 'nature-trips', 'trail-running', 'walking']"
Wasson Peak Trail,Saguaro National Park,Tucson,Arizona,United States,"{'lat': 32.24669, 'lng': -111.16708}",18.8699,12713.786,567.8424,3,loop,3,4.5,229,"['cave', 'dogs-no', 'views', 'wild-flowers', 'wildlife']","['birding', 'hiking', 'nature-trips']"
Wasson Peak via Sweetwater Trail,Saguaro National Park,Tucson,Arizona,United States,"{'lat': 32.28866, 'lng': -111.12114}",14.3846,14966.862,637.9464,5,out and back,3,4.5,161,"['cave', 'dogs-no', 'views', 'wild-flowers', 'wildlife']","['hiking', 'trail-running', 'walking']"
King Canyon Trail to Wasson Peak,Saguaro National Park,Tucson,Arizona,United States,"{'lat': 32.24717, 'lng': -111.16717}",15.5,11426.314,560.832,3,out and back,2,4.5,135,"['dogs-no', 'views', 'wild-flowers', 'wildlife']","['birding', 'hiking', 'nature-trips', 'trail-running', 'walking', 'horseback-riding']"
Mica View Loop Trail,Saguaro National Park,Tucson,Arizona,United States,"{'lat': 32.2207, 'lng': -110.72608}",11.8629,5954.558,36.8808,1,loop,2,4,111,"['dogs-no', 'forest', 'kids', 'views', 'wild-flowers', 'wildlife']","['birding', 'hiking', 'nature-trips', 'trail-running', 'walking']"
Moro Rock Trail,Sequoia & Kings Canyon National Parks,Three Rivers,California,United States,"{'lat': 36.54685, 'lng': -118.76565}",44.1235,643.736,56.9976,3,out and back,3,4.5,701,"['dogs-no', 'river', 'views', 'waterfall', 'wild-flowers', 'wildlife']","['birding', 'hiking', 'nature-trips', 'rock-climbing', 'walking']"
Tokopah Falls via Tokopah Valley Trail,Sequoia & Kings Canyon National Parks,Sequoia National Park,California,United States,"{'lat': 36.60485, 'lng': -118.72401}",32.7913,6437.36,194.7672,3,out and back,2,4.5,496,"['dogs-no', 'forest', 'kids', 'partially-paved', 'river', 'views', 'waterfall', 'wild-flowers', 'wildlife']","['birding', 'hiking', 'nature-trips', 'trail-running', 'walking']"
General Sherman Tree Trail,Sequoia & Kings Canyon National Parks,Three Rivers,California,United States,"{'lat': 36.58498, 'lng': -118.74978}",29.826,1287.472,46.9392,1,out and back,4,4.5,442,"['ada', 'dogs-no', 'forest', 'kids', 'paved', 'strollers', 'views']","['birding', 'hiking', 'nature-trips', 'walking']"
Mist Falls Trail,Sequoia & Kings Canyon National Parks,Hume,California,United States,"{'lat': 36.79495, 'lng': -118.58315}",31.6191,13035.654,270.9672,3,out and back,3,5,315,"['dogs-no', 'forest', 'river', 'views', 'waterfall', 'wild-flowers', 'wildlife']","['birding', 'fishing', 'hiking', 'horseback-riding']"
General Grant Loop Trail,Sequoia & Kings Canyon National Parks,Dunlap,California,United States,"{'lat': 36.74697, 'lng': -118.97319}",21.277,804.67,8.8392,1,loop,2,4.5,242,"['ada', 'dogs-no', 'forest', 'kids', 'paved', 'river', 'strollers', 'views', 'wild-flowers', 'wildlife']","['birding', 'hiking', 'nature-trips', 'walking']"
Old Rag Mountain Loop,Shenandoah National Park,Syria,Virginia,United States,"{'lat': 38.57052, 'lng': -78.28729}",59.6754,13840.324,736.7016,5,loop,4,5,2278,"['dogs-no', 'forest', 'partially-paved', 'river', 'views', 'wild-flowers', 'wildlife']","['backpacking', 'birding', 'camping', 'hiking', 'nature-trips', 'rock-climbing', 'trail-running']"
Dark Hollow Falls Trail,Shenandoah National Park,Syria,Virginia,United States,"{'lat': 38.51971, 'lng': -78.43083}",30.6744,2253.076,171.9072,3,out and back,3,4.5,633,"['beach', 'dogs-no', 'forest', 'kids', 'views', 'waterfall', 'wild-flowers', 'wildlife']","['birding', 'hiking', 'nature-trips', 'walking']"
White Oak Canyon and Cedar Run Trails Loop,Shenandoah National Park,Syria,Virginia,United States,"{'lat': 38.53906, 'lng': -78.34808}",35.1737,14484.06,722.9856,5,loop,3,4.5,624,"['dogs-leash', 'forest', 'river', 'views', 'waterfall', 'wild-flowers', 'wildlife']","['hiking', 'nature-trips']"
Bearfence Mountain Trail,Shenandoah National Park,Elkton,Virginia,United States,"{'lat': 38.45239, 'lng': -78.4669}",30.1413,1609.34,73.7616,3,loop,3,4.5,524,"['dogs-no', 'forest', 'views', 'wild-flowers', 'wildlife']","['birding', 'hiking', 'nature-trips', 'fly-fishing']"
Stony Man via Appalachian Trail,Shenandoah National Park,Luray,Virginia,United States,"{'lat': 38.59318, 'lng': -78.37599}",26.872,2414.01,97.8408,1,loop,3,4.5,467,"['dogs-no', 'forest', 'kids', 'views', 'wild-flowers']","['birding', 'hiking', 'nature-trips', 'trail-running', 'walking']"
Wind Canyon Trail,Theodore Roosevelt National Park,Fairfield,North Dakota,United States,"{'lat': 46.98863, 'lng': -103.48513}",10.4755,804.67,16.764,1,loop,,4.5,90,"['dogs-no', 'kids', 'river', 'views']","['hiking', 'nature-trips', 'walking']"
Caprock Coulee Loop,Theodore Roosevelt National Park,Watford City,North Dakota,United States,"{'lat': 47.60986, 'lng': -103.35601}",10.4163,6115.492,159.7152,3,loop,1,4.5,87,"['dogs-no', 'views', 'wild-flowers', 'wildlife']",['hiking']
Painted Canyon Nature Trail,Theodore Roosevelt National Park,Fairfield,North Dakota,United States,"{'lat': 46.8943, 'lng': -103.38216}",10.2914,1770.274,78.9432,1,loop,,4,79,"['dogs-no', 'kids', 'views', 'wildlife']","['hiking', 'walking']"
Petrified Forest Trail,Theodore Roosevelt National Park,Fairfield,North Dakota,United States,"{'lat': 46.99627, 'lng': -103.60466}",9.4025,16415.268,253.8984,3,loop,2,4,74,"['dogs-no', 'views', 'wildlife']","['hiking', 'trail-running']"
Buck Hill Trail,Theodore Roosevelt National Park,Belfield,North Dakota,United States,"{'lat': 46.92654, 'lng': -103.38951}",6.9093,643.736,16.764,3,out and back,2,4.5,40,"['dogs-no', 'kids', 'partially-paved', 'views', 'wild-flowers', 'wildlife']","['hiking', 'walking']"
Blind Ash Bay Trail,Voyageurs National Park,Kabetogama,Minnesota,United States,"{'lat': 48.43195, 'lng': -92.85024}",4.9529,5793.624,117.9576,3,out and back,1,4,20,"['dogs-no', 'forest', 'lake', 'river', 'views', 'wild-flowers', 'wildlife']","['birding', 'fishing', 'hiking', 'nature-trips', 'walking']"
Kabetogama Lake Overlook Trail,Voyageurs National Park,Kabetogama,Minnesota,United States,"{'lat': 48.43414, 'lng': -92.85033}",3.6115,643.736,17.9832,1,out and back,1,4,13,"['dogs-no', 'forest', 'lake', 'kids', 'river', 'views', 'wild-flowers', 'wildlife']","['hiking', 'walking']"
Beaver Pond Overlook Trail,Voyageurs National Park,Kabetogama,Minnesota,United States,"{'lat': 48.42288, 'lng': -92.84588}",3.2799,482.802,1.8288,1,out and back,2,3.5,10,"['dogs-no', 'forest', 'kids', 'river', 'views', 'wild-flowers', 'wildlife']","['hiking', 'nature-trips', 'walking']"
Cruiser Lake to Brown Lake and Anderson Bay,Voyageurs National Park,Kabetogama,Minnesota,United States,"{'lat': 48.49997, 'lng': -92.80636}",3.4639,14001.258,224.9424,3,loop,2,4,7,"['dogs-no', 'forest', 'lake', 'views', 'wildlife']","['birding', 'hiking', 'nature-trips', 'walking']"
Sullivan Bay Trail,Voyageurs National Park,Kabetogama,Minnesota,United States,"{'lat': 48.42524, 'lng': -92.84532}",2.2479,2092.142,27.7368,1,out and back,1,4,7,"['forest', 'lake', 'river', 'views', 'wildlife']","['birding', 'hiking', 'nature-trips', 'snowshoeing', 'walking']"
Rankin Ridge Interpretive Trail,Wind Cave National Park,Custer,South Dakota,United States,"{'lat': 43.62278, 'lng': -103.48582}",9.5257,1609.34,72.8472,3,loop,1,4.5,74,"['dogs-no', 'kids', 'views', 'wild-flowers']","['hiking', 'nature-trips', 'walking']"
Lookout Point Trail and Centennial Trail Loop,Wind Cave National Park,Custer,South Dakota,United States,"{'lat': 43.58144, 'lng': -103.4837}",7.1351,8368.568,156.972,3,loop,2,4,43,"['dogs-no', 'forest', 'kids', 'river', 'views', 'wild-flowers', 'wildlife']","['backpacking', 'hiking', 'nature-trips', 'trail-running', 'walking']"
Cold Brook Canyon Trail,Wind Cave National Park,Custer,South Dakota,United States,"{'lat': 43.53544, 'lng': -103.49805}",6.4452,4506.152,60.96,1,out and back,,4,33,"['dogs-no', 'kids', 'wildlife']","['hiking', 'trail-running', 'walking']"
Wind Cave Canyon Trail,Wind Cave National Park,Custer,South Dakota,United States,"{'lat': 43.55464, 'lng': -103.4667}",7.6514,6115.492,64.9224,1,out and back,,4,31,"['dogs-no', 'kids', 'views', 'wildlife']","['hiking', 'nature-trips', 'walking']"
Prairie Vista Loop,Wind Cave National Park,Hot Springs,South Dakota,United States,"{'lat': 43.55662, 'lng': -103.47887}",3.3086,1609.34,31.6992,1,out and back,2,4,15,"['kids', 'views']","['hiking', 'nature-trips', 'walking']"
Grand Prismatic Hot Spring,Yellowstone National Park,Yellowstone National Park,Wyoming,United States,"{'lat': 44.51531, 'lng': -110.8326}",29.0437,2574.944,60.96,1,out and back,1,4.5,468,"['dogs-no', 'kids', 'hot-springs', 'river', 'views', 'wildlife']","['hiking', 'nature-trips', 'walking']"
Dunraven Pass to Mount Washburn,Yellowstone National Park,Yellowstone National Park,Wyoming,United States,"{'lat': 44.78482, 'lng': -110.45348}",5.0648,10943.512,424.8912,5,out and back,3,4.5,321,"['dogs-no', 'forest', 'views', 'wild-flowers', 'wildlife']","['backpacking', 'camping', 'hiking']"
"Mystic Falls, Fairy Creek and Little Firehole Loop",Yellowstone National Park,Yellowstone National Park,Wyoming,United States,"{'lat': 44.48515, 'lng': -110.85207}",31.393,5632.69,184.7088,3,loop,3,4.5,305,"['dogs-no', 'forest', 'kids', 'hot-springs', 'river', 'views', 'waterfall', 'wild-flowers', 'wildlife']","['birding', 'hiking', 'nature-trips', 'trail-running', 'walking']"
Upper Geyser Basin and Old Faithful Observation Point Loop,Yellowstone National Park,Yellowstone National Park,Wyoming,United States,"{'lat': 44.46011, 'lng': -110.83002}",28.1776,7242.03,73.7616,1,loop,4,4.5,297,"['ada', 'dogs-no', 'kids', 'hot-springs', 'paved', 'river', 'strollers', 'views', 'wildlife']","['hiking', 'nature-trips', 'walking', 'ice-climbing', 'fly-fishing']"
West Thumb Geyser Basin Trail,Yellowstone National Park,Yellowstone National Park,Wyoming,United States,"{'lat': 44.41557, 'lng': -110.57378}",23.2571,1609.34,17.9832,1,loop,3,4,262,"['beach', 'dogs-no', 'lake', 'kids', 'views', 'wild-flowers', 'wildlife']","['birding', 'hiking', 'nature-trips', 'walking']"
Vernal and Nevada Falls via the Mist Trail,Yosemite National Park,Yosemite Valley,California,United States,"{'lat': 37.73495, 'lng': -119.56619}",68.1488,10299.776,667.8168,3,loop,3,5,1869,"['dogs-no', 'forest', 'partially-paved', 'river', 'views', 'waterfall', 'wild-flowers', 'wildlife']","['birding', 'hiking', 'nature-trips', 'walking']"
Upper Yosemite Falls Trail,Yosemite National Park,Yosemite Valley,California,United States,"{'lat': 37.74237, 'lng': -119.60223}",53.628,11587.248,967.74,7,out and back,3,5,1351,"['dogs-no', 'forest', 'river', 'views', 'waterfall', 'wild-flowers', 'wildlife']","['birding', 'hiking', 'nature-trips', 'trail-running']"
Half Dome Trail,Yosemite National Park,Yosemite Valley,California,United States,"{'lat': 37.73465, 'lng': -119.56583}",52.5316,23818.232,1573.9872,7,out and back,3,5,1196,"['dogs-no', 'forest', 'partially-paved', 'river', 'views', 'waterfall', 'wild-flowers', 'wildlife']","['hiking', 'nature-trips', 'rock-climbing']"
Vernal Falls,Yosemite National Park,Yosemite Valley,California,United States,"{'lat': 37.73257, 'lng': -119.55916}",37.2129,5954.558,406.908,3,out and back,3,5,1107,"['forest', 'partially-paved', 'river', 'views', 'waterfall']","['backpacking', 'birding', 'camping', 'hiking', 'nature-trips', 'walking']"
Lower Yosemite Falls Trail,Yosemite National Park,Yosemite Valley,California,United States,"{'lat': 37.74587, 'lng': -119.59266}",43.3499,1609.34,15.8496,1,loop,3,4.5,925,"['ada', 'dogs-leash', 'forest', 'kids', 'partially-paved', 'river', 'strollers', 'views', 'waterfall', 'wild-flowers', 'wildlife']","['birding', 'hiking', 'nature-trips', 'trail-running', 'walking']"
Angels Landing Trail,Zion National Park,Springdale,Utah,United States,"{'lat': 37.25928, 'lng': -112.95166}",84.6229,6598.294,492.8616,5,out and back,4,5,3903,"['dogs-no', 'partially-paved', 'river', 'views', 'wild-flowers', 'wildlife']","['hiking', 'nature-trips', 'trail-running']"
The Zion Narrows Riverside Walk,Zion National Park,Springdale,Utah,United States,"{'lat': 37.28524, 'lng': -112.94769}",62.5499,2896.812,62.7888,1,out and back,4,4.5,1877,"['ada', 'beach', 'dogs-no', 'forest', 'kids', 'partially-paved', 'river', 'strollers', 'views', 'waterfall', 'wild-flowers', 'wildlife']","['birding', 'hiking', 'nature-trips', 'walking', 'canoeing']"
East Rim and East Mesa to Observation Point [CLOSED],Zion National Park,Mount Carmel Junction,Utah,United States,"{'lat': 37.27093, 'lng': -112.93845}",9.4445,11426.314,849.7824,5,out and back,3,5,1025,"['dogs-no', 'partially-paved', 'river', 'views', 'wild-flowers', 'wildlife']","['hiking', 'nature-trips', 'rock-climbing', 'walking']"
Zion Canyon Overlook Trail,Zion National Park,Hurricane,Utah,United States,"{'lat': 37.21324, 'lng': -112.94058}",44.8887,1609.34,64.9224,3,out and back,3,4.5,984,"['cave', 'dogs-no', 'forest', 'kids', 'views', 'wild-flowers', 'wildlife']","['birding', 'hiking', 'nature-trips', 'trail-running', 'walking']"
The Watchman Trail,Zion National Park,Springdale,Utah,United States,"{'lat': 37.2009, 'lng': -112.9858}",37.4735,4988.954,196.9008,3,loop,3,4.5,941,"['dogs-no', 'kids', 'river', 'views', 'wild-flowers', 'wildlife']","['birding', 'camping', 'hiking', 'nature-trips', 'trail-running', 'walking']"